{"scale_": [7.36335921295348], "min_": [-0.0012751687646682264]}